Model,Accuracy,F1-score,F1-class-0,F1-class-1,Macro-F1,ROC-AUC,Precision,Recall,CV-Accuracy-mean,CV-Accuracy-std,CV-F1-mean,CV-F1-std,CV-Macro-F1-mean,CV-Macro-F1-std,CV-ROC-AUC-mean,CV-ROC-AUC-std
KNN_Tuned,0.9586101175268268,0.9594362569752468,0.9577496274217586,0.9594362569752468,0.9585929421985027,0.9770266026527044,0.9406607280634075,0.9789765676326739,0.9586101933534668,0.0017930436925475883,0.9594385547219991,0.0017032977272737747,0.9585928365668517,0.0017961338872898112,0.9770298963200746,0.0013937531120469153
