Metric,Value,CV Mean,CV Std
Accuracy,0.9753996642090663,0.9753997347515345,0.0017101796227801166
F1-score (class 0),0.9752714998532434,,
F1-score (class 1),0.975526506899056,,
Macro F1,0.9753990033761497,0.9753990593208538,0.0017103447995077494
ROC-AUC,0.9834272413180504,0.9835872927334307,0.0019646441080983946
Precision,0.9705223611010765,,
Recall,0.9805825242718447,,
