Metric,Value,CV Mean,CV Std
Accuracy,0.9737207095408424,0.9737572431233402,0.0010468448383339297
F1-score (class 0),0.9735566328779198,,
F1-score (class 1),0.9738827626233314,,
Macro F1,0.9737196977506256,0.9736832342640067,0.0010807242375998833
ROC-AUC,0.9836922781433688,0.9837848895874447,0.0017427679720454724
Precision,0.9679140529237868,,
Recall,0.9799255420103657,,
