Model,Accuracy,F1-score,ROC-AUC,Precision,Recall
LogisticRegression_Tuned,0.95868311555588,0.9595512041735154,0.9555706919995212,0.9398054175124239,0.9801445360975254
