Metric,Value,CV Mean,CV Std
Accuracy,0.9720052558580918,0.9720053024114352,0.0012388428942402192
F1-score (class 0),0.9717734515879733,,
F1-score (class 1),0.9722332838576548,,
Macro F1,0.9720033677228141,0.9720034015257163,0.0012390651563126596
Precision,0.9643780522838264,,
Recall,0.9802175341265785,,
