Metric,Value,CV Mean,CV Std
Accuracy,0.9587196145704066,0.9583912072590838,0.0023178326527839377
F1-score (class 0),0.9578692493946731,,
F1-score (class 1),0.9595363314371579,,
Macro F1,0.9587027904159156,0.9586291520360085,0.002059330209237985
ROC-AUC,0.9716086930927702,0.9705644645796156,0.0014514985118980175
Precision,0.9409205725512209,,
Recall,0.9789035696036207,,
