Model,Accuracy,F1-score,F1-class-0,F1-class-1,Macro-F1,ROC-AUC,Precision,Recall,CV-Accuracy-mean,CV-Accuracy-std,CV-F1-mean,CV-F1-std,CV-Macro-F1-mean,CV-Macro-F1-std,CV-ROC-AUC-mean,CV-ROC-AUC-std
SVM_Base,0.9556901963646982,0.9567694608646108,0.9545556636969379,0.9567694608646108,0.9556625622807744,0.9540808853011689,0.9340193283737745,0.9806555223008979,0.9556902388778908,0.001650584209483206,0.9567705698814346,0.0015803229694086032,0.9556625181658788,0.0016532090082351375,0.9543818154524133,0.002013494766000679
