Model,Accuracy,F1-score,F1-class-0,F1-class-1,Macro-F1,ROC-AUC,Precision,Recall,CV-Accuracy-mean,CV-Accuracy-std,CV-F1-mean,CV-F1-std,CV-Macro-F1-mean,CV-Macro-F1-std,CV-ROC-AUC-mean,CV-ROC-AUC-std
KNN_Base,0.956164683553544,0.9566754446087804,0.9556417359187442,0.9566754446087804,0.9561585902637624,0.9752696249797795,0.9456568249893025,0.9679538652456384,0.9561647367258145,0.0016210121418804404,0.9566763686283296,0.001577714610938657,0.956158600882239,0.0016218273655045185,0.9752732274393182,0.00150784455733177
