Model,Accuracy,F1-score,F1-class-0,F1-class-1,Macro-F1,ROC-AUC,Precision,Recall,CV-Accuracy-mean,CV-Accuracy-std,CV-F1-mean,CV-F1-std,CV-Macro-F1-mean,CV-Macro-F1-std,CV-ROC-AUC-mean,CV-ROC-AUC-std
XGBoost_Base,0.9687933425797504,0.9690900545894943,0.9684908789386402,0.9690900545894943,0.9687904667640672,0.9815328015196805,0.9599627560521415,0.9783925834002482,0.9687933744700422,0.001476486150745594,0.969091380981795,0.0014336992144233227,0.9687904419343695,0.0014771987941695187,0.9815716979374405,0.0016635863833056833
