Metric,Value,CV Mean,CV Std
Accuracy,0.9758741513979122,0.9758742006260176,0.0011168025641929388
F1-score (class 0),0.9757689064848418,,
F1-score (class 1),0.9759784860268198,,
Macro F1,0.9758736962558308,0.9758737399886063,0.0011168843628677465
ROC-AUC,0.9846960290185898,0.9847467337070831,0.0013982830083615165
Precision,0.9717759444203213,,
Recall,0.9802175341265785,,
