Metric,Value,CV Mean,CV Std
Accuracy,0.961566537703482,0.9615665296077177,0.0003904857204157983
F1-score (class 0),0.9614469300333175,,
F1-score (class 1),0.9616854055234145,,
Macro F1,0.961566167778366,0.9615661362956374,0.0003903351959054049
ROC-AUC,0.9782751918694763,0.9782857004380311,0.0015448707083619726
Precision,0.9587202553685432,,
Recall,0.9646689539382437,,
