Metric,Value,CV Mean,CV Std
Accuracy,0.9587561135849332,0.9587561880797354,0.0019103363786653791
F1-score (class 0),0.9578578354590885,,
F1-score (class 1),0.9596168965763705,,
Macro F1,0.9587373660177295,0.9587373528287274,0.0019125662441537895
ROC-AUC,0.9817505859891604,0.9818914246011818,0.0019139158307281843
Precision,0.9399985997339495,,
Recall,0.9800715380684721,,
