Metric,Value,CV Mean,CV Std
Accuracy,0.9587196145704066,0.9587196145704066,0.0
F1-score (class 0),0.9578315499049253,,
F1-score (class 1),0.9595710455764075,,
Macro F1,0.9587012977406664,0.9587012977406664,0.0
ROC-AUC,0.9712288012037092,,
Precision,0.9401793219389185,,
Recall,0.9797795459522592,,
