Metric,Value,CV Mean,CV Std
Accuracy,0.9585371194977735,0.9585371939919923,0.0019700595202912278
F1-score (class 0),0.9576214280384988,,
F1-score (class 1),0.9594140764558771,,
Macro F1,0.9585177522471879,0.9585176735463031,0.0019731054123081114
ROC-AUC,0.9745705618776969,0.9753810164658606,0.0022043306039269865
Precision,0.9395423693233503,,
Recall,0.9801445360975254,,
