Model,Accuracy,F1-score,F1-class-0,F1-class-1,Macro-F1,ROC-AUC,Precision,Recall,CV-Accuracy-mean,CV-Accuracy-std,CV-F1-mean,CV-F1-std,CV-Macro-F1-mean,CV-Macro-F1-std,CV-ROC-AUC-mean,CV-ROC-AUC-std
SVM_Tuned,0.9585736185123002,0.9594454568192375,0.9576634712223507,0.9594454568192375,0.9585544640207941,0.9552472125226485,0.9396696528555432,0.9800715380684721,0.9585736956710695,0.0019496195808416485,0.9594475842975787,0.0018629026293017084,0.9585543904343714,0.0019526096874160385,0.9552715215343087,0.00206331107643231
