Model,Accuracy,F1-score,F1-class-0,F1-class-1,Macro-F1,ROC-AUC,Precision,Recall,CV-Accuracy-mean,CV-Accuracy-std,CV-F1-mean,CV-F1-std,CV-Macro-F1-mean,CV-Macro-F1-std,CV-ROC-AUC-mean,CV-ROC-AUC-std
RandomForest_Base,0.9664574056500475,0.9666121707538601,0.9663011990759415,0.9666121707538601,0.9664566849149008,0.9822513863590754,0.9621727180674092,0.9710927804949266,0.9664574668431025,0.0015403018110001102,0.9666130606996823,0.001515060575773366,0.9664567120567987,0.0015404888686097711,0.9822600774982696,0.0006780382000620204
