Metric,Value,CV Mean,CV Std
Accuracy,0.9761661435141251,0.9761662100619555,0.0014331092418853415
F1-score (class 0),0.9760674363203226,,
F1-score (class 1),0.97626403983861,,
Macro F1,0.9761657380794663,0.9761658011148744,0.0014331439696941542
ROC-AUC,0.9846311492826427,0.9848201825701336,0.0017291423400998644
Precision,0.9722704894294816,,
Recall,0.9802905321556318,,
