Metric,Value,CV Mean,CV Std
Accuracy,0.9586101175268268,0.9586101973501467,0.0020468981709652824
F1-score (class 0),0.9576897246474144,,
F1-score (class 1),0.959491319568479,,
Macro F1,0.9585905221079467,0.9585904388899391,0.0020500372643908783
ROC-AUC,0.9696275498174514,0.9700180139188267,0.0024193668069386774
Precision,0.9394893319342428,,
Recall,0.980363530184685,,
