Metric,Value,CV Mean,CV Std
Accuracy,0.9579896342798745,0.9579896342798745,0.0
F1-score (class 0),0.9570986618957099,,
F1-score (class 1),0.9588443522723209,,
Macro F1,0.9579715070840154,0.9579715070840154,0.0
ROC-AUC,0.9697151192101403,,
Precision,0.9397252593215587,,
Recall,0.9787575735455143,,
