Model,Accuracy,F1-score,F1-class-0,F1-class-1,Macro-F1,ROC-AUC,Precision,Recall,CV-Accuracy-mean,CV-Accuracy-std,CV-F1-mean,CV-F1-std,CV-Macro-F1-mean,CV-Macro-F1-std,CV-ROC-AUC-mean,CV-ROC-AUC-std
RandomForest_Tuned,0.9691218337104898,0.9694364161849711,0.9688007080690367,0.9694364161849711,0.969118562127004,0.9842369977596123,0.9596595379443531,0.9794145558069932,0.9691219095651378,0.0016544035411297842,0.9694368961644941,0.0016296017565236606,0.9691186239920144,0.0016547504793405423,0.9843032088119946,0.0012335478402738008
