Feature,Correct_Mean,Misclassified_Mean,False_Positive_Mean,False_Negative_Mean,Correct_vs_Misclassified_Diff
socializing_score,-2.315165330402496,-1.4247402154813211,2.2593512407314114,-7.432008746693874,-0.8904251149211748
social_activity_score,-1.4530327759940411,-0.7567063835298239,1.578323199398542,-4.564198651215256,-0.6963263924642172
Going_outside,-0.3779872283268747,-0.08756203849118617,0.5500469130913308,-1.1272452916313351,-0.29042518983568855
introversion_score,0.8621325544084549,0.6680338319514973,-0.6810280413328694,2.867810095478618,0.19409872245695758
Drained_after_socializing,0.45431376849450034,0.3373498617059858,-0.3806503343757777,1.508118838152742,0.11696390678851454
Stage_fear,0.45317851232748124,0.34723328321419084,-0.3601220773030318,1.500644822565035,0.1059452291132904
Social_event_attendance,-0.3715391547540559,-0.2839151204654035,0.3032093034966233,-1.2412784535676633,-0.0876240342886524
Time_spent_Alone,0.40781878591395426,0.33068397024551144,-0.3003777069570916,1.3596912573258753,0.07713481566844282
