social_activity_score,socializing_score,introversion_score,Time_spent_Alone,Stage_fear,Social_event_attendance,Drained_after_socializing,Going_outside
0.6748510877759242,1.1540533094888354,0.4094828810720014,0.9259244632935356,0.17881208493915488,0.23444505289287376,-0.0030646856476239086,0.26679670959140755
0.8824905630050022,0.9451659353362177,0.9743712161994815,0.51122277446847,0.1887251807304888,0.5057024717421713,-0.022185975392116773,0.7502603895813217
-2.2275927670205204,-1.224184363291558,-1.106084173458793,-0.1584725054090857,-0.5443382694622612,0.4104936454885073,-0.1416635791949404,-0.20409713169874777
1.4791868724028574,0.9393659373974378,0.883304511982942,0.057137000426020164,0.17869582358517774,0.7157622254545241,-0.021234861453832757,0.3958485418407492
1.7306230668557776,1.2059820558231604,0.8021684348157512,0.8106944983673136,0.19510763049929075,0.5573572149060604,-0.0030646856476239086,0.0872045600797174
