sample_idx,personality,social_activity_score,time_spent_alone,prediction
2,introvert,-6.647172456327228,1.0056008892953572,0.0038675213222491233
9,extrovert,4.931416242456358,-0.7073272448594959,0.8994277907860032
