,social_activity_score,socializing_score,introversion_score,Time_spent_Alone,Stage_fear,Social_event_attendance,Drained_after_socializing,Going_outside
social_activity_score,0.0,0.09058977015589957,0.1790599118906907,0.13363095177507905,0.15421537415744654,0.147836773539978,0.015762842261444393,0.10407006911921057
socializing_score,0.09058977015589957,0.0,0.08876664803231785,0.05285653371643003,0.08619965013051549,0.09579732816499203,0.01946529068481444,0.06913056029237281
introversion_score,0.1790599118906907,0.08876664803231783,0.0,0.12842740486103005,0.049491114708314306,0.05889119257718563,0.007911910860722815,0.07925189351446467
Time_spent_Alone,0.13363095177507905,0.05285653371643003,0.12842740486103005,0.0,0.04871335019791969,0.04495257004963679,0.012578205895082904,0.08331563217806894
Stage_fear,0.15421537415744654,0.0861996501305155,0.049491114708314306,0.04871335019791969,0.0,0.02204762645636234,0.040980636166313825,0.06721798862064798
Social_event_attendance,0.147836773539978,0.09579732816499205,0.05889119257718563,0.0449525700496368,0.022047626456362334,0.0,0.007690879867956611,0.07564537984481431
Drained_after_socializing,0.015762842261444393,0.01946529068481444,0.007911910860722815,0.01257820589508291,0.040980636166313825,0.007690879867956611,0.0,0.019447512964731104
Going_outside,0.10407006911921055,0.06913056029237283,0.07925189351446467,0.08331563217806894,0.06721798862064798,0.07564537984481431,0.019447512964731104,0.0
