Model,Weight
lr_tuned,-2.3319514800778745
rf_tuned,3.8447010638118573
xgb_tuned,0.5476050976675563
lgb_tuned,5.21906904696519
mlp_tuned,0.6923389555163048
Intercept,-4.2142799261866655
