Metric,Value,CV Mean,CV Std
Accuracy,0.9755091612526462,0.9755091612526462,0.0
F1-score (class 0),0.9754131398629585,,
F1-score (class 1),0.9756044355571715,,
Macro F1,0.975508787710065,0.9755087877100651,1.1102230246251565e-16
ROC-AUC,0.9850007540927135,,
Precision,0.9718238447052007,,
Recall,0.9794145558069932,,
