Metric,Value,CV Mean,CV Std
Accuracy,0.9692313307540696,0.9692313746355686,0.0014762626179410643
F1-score (class 0),0.9688826547561921,,
F1-score (class 1),0.9695722793719546,,
Macro F1,0.9692274670640733,0.9692274674756769,0.001476899177257561
ROC-AUC,0.9833939821605692,0.9834614876094004,0.0017237086057749558
Precision,0.9589461659288876,,
Recall,0.9804365282137383,,
