Model,Accuracy,F1-score,ROC-AUC,Precision,Recall
LogisticRegression,0.9580991313234543,0.9590204897551224,0.9568652333663435,0.9383863080684597,0.9805825242718447
