Metric,Value,CV Mean,CV Std
Accuracy,0.9580991313234543,0.9580992098131861,0.0020572887991931743
F1-score (class 0),0.9572025052192067,,
F1-score (class 1),0.958958958958959,,
Macro F1,0.9580807320890828,0.9580807674756807,0.0020586594327779676
ROC-AUC,0.9594417190242396,0.9597622761336089,0.005501762272604686
Precision,0.9396763119176067,,
Recall,0.9790495656617272,,
