Model,Accuracy,F1-score,F1-class-0,F1-class-1,Macro-F1,ROC-AUC,Precision,Recall,CV-Accuracy-mean,CV-Accuracy-std,CV-F1-mean,CV-F1-std,CV-Macro-F1-mean,CV-Macro-F1-std,CV-ROC-AUC-mean,CV-ROC-AUC-std
XGBoost_Tuned,0.9683553544054311,0.9686856647524109,0.9680180014017485,0.9686856647524109,0.9683518330770797,0.9819153924014941,0.9586788676008007,0.9789035696036207,0.9683554302580367,0.0019016067242278148,0.9686863643690135,0.001870940191198605,0.9683518910982016,0.0019020546755105655,0.9819146764922843,0.0010665878241699575
